year,province,month,age_group,dead_people,injury_people
2021,Bangkok,January,1-14,0,120
2021,Bangkok,January,15-18,2,290
2021,Bangkok,January,19-24,10,952
2021,Bangkok,January,25-35,24,1482
2021,Bangkok,January,36-60,27,1547
2021,Bangkok,January,60++,3,241
2021,Bangkok,February,1-14,0,177
2021,Bangkok,February,15-18,3,358
2021,Bangkok,February,19-24,6,940
2021,Bangkok,February,25-35,17,1445
2021,Bangkok,February,36-60,22,1639
2021,Bangkok,February,60++,9,232
2021,Bangkok,March,1-14,2,227
2021,Bangkok,March,15-18,5,397
2021,Bangkok,March,19-24,13,1117
2021,Bangkok,March,25-35,23,1677
2021,Bangkok,March,36-60,27,1769
2021,Bangkok,March,60++,9,265
2021,Bangkok,April,1-14,0,109
2021,Bangkok,April,15-18,3,279
2021,Bangkok,April,19-24,9,807
2021,Bangkok,April,25-35,16,1244
2021,Bangkok,April,36-60,18,1284
2021,Bangkok,April,60++,7,205
2021,Bangkok,May,1-14,0,101
2021,Bangkok,May,15-18,4,260
2021,Bangkok,May,19-24,10,760
2021,Bangkok,May,25-35,14,1195
2021,Bangkok,May,36-60,19,1253
2021,Bangkok,May,60++,4,200
2021,Bangkok,June,1-14,3,116
2021,Bangkok,June,15-18,3,279
2021,Bangkok,June,19-24,8,839
2021,Bangkok,June,25-35,21,1209
2021,Bangkok,June,36-60,23,1324
2021,Bangkok,June,60++,5,189
2021,Bangkok,July,1-14,0,81
2021,Bangkok,July,15-18,0,197
2021,Bangkok,July,19-24,5,723
2021,Bangkok,July,25-35,12,1032
2021,Bangkok,July,36-60,10,1041
2021,Bangkok,July,60++,7,166
2021,Bangkok,August,1-14,0,73
2021,Bangkok,August,15-18,3,170
2021,Bangkok,August,19-24,8,626
2021,Bangkok,August,25-35,12,983
2021,Bangkok,August,36-60,17,1029
2021,Bangkok,August,60++,5,125
2021,Bangkok,September,1-14,0,75
2021,Bangkok,September,15-18,2,263
2021,Bangkok,September,19-24,9,764
2021,Bangkok,September,25-35,13,1075
2021,Bangkok,September,36-60,17,1203
2021,Bangkok,September,60++,8,181
2021,Bangkok,October,1-14,3,105
2021,Bangkok,October,15-18,6,331
2021,Bangkok,October,19-24,11,902
2021,Bangkok,October,25-35,20,1251
2021,Bangkok,October,36-60,22,1343
2021,Bangkok,October,60++,3,203
2021,Bangkok,November,1-14,1,174
2021,Bangkok,November,15-18,7,393
2021,Bangkok,November,19-24,5,973
2021,Bangkok,November,25-35,20,1485
2021,Bangkok,November,36-60,29,1541
2021,Bangkok,November,60++,7,267
2021,Bangkok,December,1-14,3,190
2021,Bangkok,December,15-18,4,391
2021,Bangkok,December,19-24,14,1166
2021,Bangkok,December,25-35,30,1678
2021,Bangkok,December,36-60,30,1764
2021,Bangkok,December,60++,4,246
2021,Kanchanaburi,January,1-14,1,72
2021,Kanchanaburi,January,15-18,0,79
2021,Kanchanaburi,January,19-24,0,105
2021,Kanchanaburi,January,25-35,3,117
2021,Kanchanaburi,January,36-60,4,198
2021,Kanchanaburi,January,60++,3,80
2021,Kanchanaburi,February,1-14,2,63
2021,Kanchanaburi,February,15-18,4,68
2021,Kanchanaburi,February,19-24,2,97
2021,Kanchanaburi,February,25-35,4,126
2021,Kanchanaburi,February,36-60,4,205
2021,Kanchanaburi,February,60++,1,78
2021,Kanchanaburi,March,1-14,1,70
2021,Kanchanaburi,March,15-18,4,125
2021,Kanchanaburi,March,19-24,3,114
2021,Kanchanaburi,March,25-35,3,153
2021,Kanchanaburi,March,36-60,3,235
2021,Kanchanaburi,March,60++,3,75
2021,Kanchanaburi,April,1-14,1,43
2021,Kanchanaburi,April,15-18,2,89
2021,Kanchanaburi,April,19-24,6,95
2021,Kanchanaburi,April,25-35,3,85
2021,Kanchanaburi,April,36-60,4,186
2021,Kanchanaburi,April,60++,2,50
2021,Kanchanaburi,May,1-14,1,32
2021,Kanchanaburi,May,15-18,0,62
2021,Kanchanaburi,May,19-24,3,74
2021,Kanchanaburi,May,25-35,3,97
2021,Kanchanaburi,May,36-60,5,211
2021,Kanchanaburi,May,60++,4,50
2021,Kanchanaburi,June,1-14,0,61
2021,Kanchanaburi,June,15-18,3,71
2021,Kanchanaburi,June,19-24,0,73
2021,Kanchanaburi,June,25-35,0,131
2021,Kanchanaburi,June,36-60,3,193
2021,Kanchanaburi,June,60++,2,69
2021,Kanchanaburi,July,1-14,0,27
2021,Kanchanaburi,July,15-18,0,49
2021,Kanchanaburi,July,19-24,1,62
2021,Kanchanaburi,July,25-35,0,83
2021,Kanchanaburi,July,36-60,2,167
2021,Kanchanaburi,July,60++,1,45
2021,Kanchanaburi,August,1-14,0,35
2021,Kanchanaburi,August,15-18,0,51
2021,Kanchanaburi,August,19-24,0,44
2021,Kanchanaburi,August,25-35,3,67
2021,Kanchanaburi,August,36-60,3,157
2021,Kanchanaburi,August,60++,2,50
2021,Kanchanaburi,September,1-14,0,26
2021,Kanchanaburi,September,15-18,1,55
2021,Kanchanaburi,September,19-24,2,62
2021,Kanchanaburi,September,25-35,0,77
2021,Kanchanaburi,September,36-60,5,135
2021,Kanchanaburi,September,60++,2,45
2021,Kanchanaburi,October,1-14,2,42
2021,Kanchanaburi,October,15-18,2,58
2021,Kanchanaburi,October,19-24,3,79
2021,Kanchanaburi,October,25-35,4,102
2021,Kanchanaburi,October,36-60,3,150
2021,Kanchanaburi,October,60++,0,55
2021,Kanchanaburi,November,1-14,0,57
2021,Kanchanaburi,November,15-18,2,70
2021,Kanchanaburi,November,19-24,3,115
2021,Kanchanaburi,November,25-35,3,111
2021,Kanchanaburi,November,36-60,1,193
2021,Kanchanaburi,November,60++,2,65
2021,Kanchanaburi,December,1-14,0,73
2021,Kanchanaburi,December,15-18,0,120
2021,Kanchanaburi,December,19-24,2,113
2021,Kanchanaburi,December,25-35,7,165
2021,Kanchanaburi,December,36-60,3,243
2021,Kanchanaburi,December,60++,4,77
2021,Chonburi,January,1-14,1,109
2021,Chonburi,January,15-18,1,175
2021,Chonburi,January,19-24,7,454
2021,Chonburi,January,25-35,7,738
2021,Chonburi,January,36-60,19,768
2021,Chonburi,January,60++,3,132
2021,Chonburi,February,1-14,4,133
2021,Chonburi,February,15-18,4,265
2021,Chonburi,February,19-24,2,543
2021,Chonburi,February,25-35,12,796
2021,Chonburi,February,36-60,21,820
2021,Chonburi,February,60++,5,164
2021,Chonburi,March,1-14,0,195
2021,Chonburi,March,15-18,3,276
2021,Chonburi,March,19-24,9,596
2021,Chonburi,March,25-35,15,852
2021,Chonburi,March,36-60,13,882
2021,Chonburi,March,60++,4,195
2021,Chonburi,April,1-14,0,109
2021,Chonburi,April,15-18,0,238
2021,Chonburi,April,19-24,4,465
2021,Chonburi,April,25-35,16,703
2021,Chonburi,April,36-60,14,698
2021,Chonburi,April,60++,2,101
2021,Chonburi,May,1-14,1,97
2021,Chonburi,May,15-18,2,157
2021,Chonburi,May,19-24,6,465
2021,Chonburi,May,25-35,7,642
2021,Chonburi,May,36-60,15,743
2021,Chonburi,May,60++,4,117
2021,Chonburi,June,1-14,0,117
2021,Chonburi,June,15-18,2,221
2021,Chonburi,June,19-24,1,444
2021,Chonburi,June,25-35,8,730
2021,Chonburi,June,36-60,15,771
2021,Chonburi,June,60++,2,130
2021,Chonburi,July,1-14,1,60
2021,Chonburi,July,15-18,1,126
2021,Chonburi,July,19-24,4,377
2021,Chonburi,July,25-35,7,604
2021,Chonburi,July,36-60,15,636
2021,Chonburi,July,60++,2,109
2021,Chonburi,August,1-14,0,45
2021,Chonburi,August,15-18,0,96
2021,Chonburi,August,19-24,3,290
2021,Chonburi,August,25-35,6,516
2021,Chonburi,August,36-60,13,527
2021,Chonburi,August,60++,5,86
2021,Chonburi,September,1-14,0,62
2021,Chonburi,September,15-18,2,175
2021,Chonburi,September,19-24,3,373
2021,Chonburi,September,25-35,15,626
2021,Chonburi,September,36-60,12,641
2021,Chonburi,September,60++,0,99
2021,Chonburi,October,1-14,0,92
2021,Chonburi,October,15-18,3,189
2021,Chonburi,October,19-24,4,467
2021,Chonburi,October,25-35,10,716
2021,Chonburi,October,36-60,17,707
2021,Chonburi,October,60++,0,132
2021,Chonburi,November,1-14,0,104
2021,Chonburi,November,15-18,1,215
2021,Chonburi,November,19-24,7,544
2021,Chonburi,November,25-35,14,791
2021,Chonburi,November,36-60,10,791
2021,Chonburi,November,60++,3,148
2021,Chonburi,December,1-14,2,135
2021,Chonburi,December,15-18,1,246
2021,Chonburi,December,19-24,13,704
2021,Chonburi,December,25-35,21,975
2021,Chonburi,December,36-60,18,855
2021,Chonburi,December,60++,8,140
2021,Nakhon-Ratchasima,January,1-14,0,239
2021,Nakhon-Ratchasima,January,15-18,3,357
2021,Nakhon-Ratchasima,January,19-24,8,433
2021,Nakhon-Ratchasima,January,25-35,7,519
2021,Nakhon-Ratchasima,January,36-60,21,872
2021,Nakhon-Ratchasima,January,60++,7,251
2021,Nakhon-Ratchasima,February,1-14,0,228
2021,Nakhon-Ratchasima,February,15-18,2,342
2021,Nakhon-Ratchasima,February,19-24,10,411
2021,Nakhon-Ratchasima,February,25-35,10,470
2021,Nakhon-Ratchasima,February,36-60,18,761
2021,Nakhon-Ratchasima,February,60++,8,255
2021,Nakhon-Ratchasima,March,1-14,0,255
2021,Nakhon-Ratchasima,March,15-18,1,421
2021,Nakhon-Ratchasima,March,19-24,4,488
2021,Nakhon-Ratchasima,March,25-35,9,536
2021,Nakhon-Ratchasima,March,36-60,14,896
2021,Nakhon-Ratchasima,March,60++,6,277
2021,Nakhon-Ratchasima,April,1-14,1,207
2021,Nakhon-Ratchasima,April,15-18,2,276
2021,Nakhon-Ratchasima,April,19-24,4,369
2021,Nakhon-Ratchasima,April,25-35,7,462
2021,Nakhon-Ratchasima,April,36-60,17,691
2021,Nakhon-Ratchasima,April,60++,5,222
2021,Nakhon-Ratchasima,May,1-14,1,191
2021,Nakhon-Ratchasima,May,15-18,1,215
2021,Nakhon-Ratchasima,May,19-24,2,281
2021,Nakhon-Ratchasima,May,25-35,3,332
2021,Nakhon-Ratchasima,May,36-60,11,624
2021,Nakhon-Ratchasima,May,60++,4,194
2021,Nakhon-Ratchasima,June,1-14,1,232
2021,Nakhon-Ratchasima,June,15-18,3,270
2021,Nakhon-Ratchasima,June,19-24,6,307
2021,Nakhon-Ratchasima,June,25-35,10,360
2021,Nakhon-Ratchasima,June,36-60,6,686
2021,Nakhon-Ratchasima,June,60++,6,200
2021,Nakhon-Ratchasima,July,1-14,1,159
2021,Nakhon-Ratchasima,July,15-18,1,184
2021,Nakhon-Ratchasima,July,19-24,0,258
2021,Nakhon-Ratchasima,July,25-35,7,343
2021,Nakhon-Ratchasima,July,36-60,10,519
2021,Nakhon-Ratchasima,July,60++,1,154
2021,Nakhon-Ratchasima,August,1-14,0,121
2021,Nakhon-Ratchasima,August,15-18,2,142
2021,Nakhon-Ratchasima,August,19-24,5,221
2021,Nakhon-Ratchasima,August,25-35,4,321
2021,Nakhon-Ratchasima,August,36-60,6,502
2021,Nakhon-Ratchasima,August,60++,4,116
2021,Nakhon-Ratchasima,September,1-14,1,110
2021,Nakhon-Ratchasima,September,15-18,0,160
2021,Nakhon-Ratchasima,September,19-24,6,251
2021,Nakhon-Ratchasima,September,25-35,5,327
2021,Nakhon-Ratchasima,September,36-60,8,518
2021,Nakhon-Ratchasima,September,60++,3,168
2021,Nakhon-Ratchasima,October,1-14,2,155
2021,Nakhon-Ratchasima,October,15-18,2,175
2021,Nakhon-Ratchasima,October,19-24,6,270
2021,Nakhon-Ratchasima,October,25-35,9,384
2021,Nakhon-Ratchasima,October,36-60,17,571
2021,Nakhon-Ratchasima,October,60++,5,208
2021,Nakhon-Ratchasima,November,1-14,1,204
2021,Nakhon-Ratchasima,November,15-18,7,289
2021,Nakhon-Ratchasima,November,19-24,4,346
2021,Nakhon-Ratchasima,November,25-35,4,447
2021,Nakhon-Ratchasima,November,36-60,30,815
2021,Nakhon-Ratchasima,November,60++,10,260
2021,Nakhon-Ratchasima,December,1-14,1,232
2021,Nakhon-Ratchasima,December,15-18,5,347
2021,Nakhon-Ratchasima,December,19-24,7,436
2021,Nakhon-Ratchasima,December,25-35,10,588
2021,Nakhon-Ratchasima,December,36-60,22,880
2021,Nakhon-Ratchasima,December,60++,2,242
2021,Surat-Thani,January,1-14,0,107
2021,Surat-Thani,January,15-18,1,119
2021,Surat-Thani,January,19-24,2,125
2021,Surat-Thani,January,25-35,8,185
2021,Surat-Thani,January,36-60,12,318
2021,Surat-Thani,January,60++,3,86
2021,Surat-Thani,February,1-14,0,115
2021,Surat-Thani,February,15-18,3,148
2021,Surat-Thani,February,19-24,3,180
2021,Surat-Thani,February,25-35,6,202
2021,Surat-Thani,February,36-60,6,313
2021,Surat-Thani,February,60++,1,86
2021,Surat-Thani,March,1-14,1,144
2021,Surat-Thani,March,15-18,5,241
2021,Surat-Thani,March,19-24,1,222
2021,Surat-Thani,March,25-35,10,314
2021,Surat-Thani,March,36-60,7,447
2021,Surat-Thani,March,60++,8,119
2021,Surat-Thani,April,1-14,2,96
2021,Surat-Thani,April,15-18,4,97
2021,Surat-Thani,April,19-24,1,111
2021,Surat-Thani,April,25-35,2,194
2021,Surat-Thani,April,36-60,11,333
2021,Surat-Thani,April,60++,1,76
2021,Surat-Thani,May,1-14,0,50
2021,Surat-Thani,May,15-18,1,65
2021,Surat-Thani,May,19-24,1,105
2021,Surat-Thani,May,25-35,3,149
2021,Surat-Thani,May,36-60,9,245
2021,Surat-Thani,May,60++,0,68
2021,Surat-Thani,June,1-14,3,82
2021,Surat-Thani,June,15-18,1,93
2021,Surat-Thani,June,19-24,2,138
2021,Surat-Thani,June,25-35,7,183
2021,Surat-Thani,June,36-60,6,309
2021,Surat-Thani,June,60++,3,70
2021,Surat-Thani,July,1-14,0,67
2021,Surat-Thani,July,15-18,0,94
2021,Surat-Thani,July,19-24,1,118
2021,Surat-Thani,July,25-35,3,182
2021,Surat-Thani,July,36-60,3,265
2021,Surat-Thani,July,60++,3,80
2021,Surat-Thani,August,1-14,0,72
2021,Surat-Thani,August,15-18,1,77
2021,Surat-Thani,August,19-24,3,134
2021,Surat-Thani,August,25-35,6,189
2021,Surat-Thani,August,36-60,8,282
2021,Surat-Thani,August,60++,2,62
2021,Surat-Thani,September,1-14,0,68
2021,Surat-Thani,September,15-18,1,70
2021,Surat-Thani,September,19-24,2,131
2021,Surat-Thani,September,25-35,8,189
2021,Surat-Thani,September,36-60,6,256
2021,Surat-Thani,September,60++,3,80
2021,Surat-Thani,October,1-14,0,77
2021,Surat-Thani,October,15-18,2,106
2021,Surat-Thani,October,19-24,1,123
2021,Surat-Thani,October,25-35,1,154
2021,Surat-Thani,October,36-60,9,263
2021,Surat-Thani,October,60++,1,80
2021,Surat-Thani,November,1-14,1,73
2021,Surat-Thani,November,15-18,1,85
2021,Surat-Thani,November,19-24,3,103
2021,Surat-Thani,November,25-35,1,178
2021,Surat-Thani,November,36-60,6,249
2021,Surat-Thani,November,60++,4,56
2021,Surat-Thani,December,1-14,0,111
2021,Surat-Thani,December,15-18,3,134
2021,Surat-Thani,December,19-24,3,137
2021,Surat-Thani,December,25-35,1,271
2021,Surat-Thani,December,36-60,5,384
2021,Surat-Thani,December,60++,2,91
2021,Chiang-Mai,January,1-14,0,108
2021,Chiang-Mai,January,15-18,1,177
2021,Chiang-Mai,January,19-24,9,375
2021,Chiang-Mai,January,25-35,10,518
2021,Chiang-Mai,January,36-60,11,735
2021,Chiang-Mai,January,60++,5,220
2021,Chiang-Mai,February,1-14,2,124
2021,Chiang-Mai,February,15-18,1,253
2021,Chiang-Mai,February,19-24,7,477
2021,Chiang-Mai,February,25-35,6,492
2021,Chiang-Mai,February,36-60,14,660
2021,Chiang-Mai,February,60++,3,224
2021,Chiang-Mai,March,1-14,1,155
2021,Chiang-Mai,March,15-18,1,306
2021,Chiang-Mai,March,19-24,7,549
2021,Chiang-Mai,March,25-35,9,678
2021,Chiang-Mai,March,36-60,14,802
2021,Chiang-Mai,March,60++,6,270
2021,Chiang-Mai,April,1-14,1,82
2021,Chiang-Mai,April,15-18,4,169
2021,Chiang-Mai,April,19-24,1,299
2021,Chiang-Mai,April,25-35,9,392
2021,Chiang-Mai,April,36-60,7,595
2021,Chiang-Mai,April,60++,7,193
2021,Chiang-Mai,May,1-14,1,75
2021,Chiang-Mai,May,15-18,0,136
2021,Chiang-Mai,May,19-24,3,238
2021,Chiang-Mai,May,25-35,1,372
2021,Chiang-Mai,May,36-60,8,510
2021,Chiang-Mai,May,60++,9,191
2021,Chiang-Mai,June,1-14,2,71
2021,Chiang-Mai,June,15-18,1,158
2021,Chiang-Mai,June,19-24,4,286
2021,Chiang-Mai,June,25-35,3,388
2021,Chiang-Mai,June,36-60,8,539
2021,Chiang-Mai,June,60++,6,199
2021,Chiang-Mai,July,1-14,5,67
2021,Chiang-Mai,July,15-18,1,123
2021,Chiang-Mai,July,19-24,4,236
2021,Chiang-Mai,July,25-35,6,356
2021,Chiang-Mai,July,36-60,4,501
2021,Chiang-Mai,July,60++,4,147
2021,Chiang-Mai,August,1-14,2,70
2021,Chiang-Mai,August,15-18,2,129
2021,Chiang-Mai,August,19-24,3,291
2021,Chiang-Mai,August,25-35,9,380
2021,Chiang-Mai,August,36-60,10,529
2021,Chiang-Mai,August,60++,4,174
2021,Chiang-Mai,September,1-14,0,51
2021,Chiang-Mai,September,15-18,1,128
2021,Chiang-Mai,September,19-24,1,255
2021,Chiang-Mai,September,25-35,8,359
2021,Chiang-Mai,September,36-60,12,475
2021,Chiang-Mai,September,60++,9,165
2021,Chiang-Mai,October,1-14,0,77
2021,Chiang-Mai,October,15-18,2,148
2021,Chiang-Mai,October,19-24,2,280
2021,Chiang-Mai,October,25-35,10,405
2021,Chiang-Mai,October,36-60,4,516
2021,Chiang-Mai,October,60++,5,174
2021,Chiang-Mai,November,1-14,0,95
2021,Chiang-Mai,November,15-18,1,175
2021,Chiang-Mai,November,19-24,0,356
2021,Chiang-Mai,November,25-35,13,461
2021,Chiang-Mai,November,36-60,10,583
2021,Chiang-Mai,November,60++,3,190
2021,Chiang-Mai,December,1-14,0,139
2021,Chiang-Mai,December,15-18,3,232
2021,Chiang-Mai,December,19-24,9,458
2021,Chiang-Mai,December,25-35,15,567
2021,Chiang-Mai,December,36-60,9,747
2021,Chiang-Mai,December,60++,9,241
2022,Bangkok,January,1-14,3,129
2022,Bangkok,January,15-18,4,342
2022,Bangkok,January,19-24,13,1056
2022,Bangkok,January,25-35,17,1556
2022,Bangkok,January,36-60,22,1722
2022,Bangkok,January,60++,3,297
2022,Bangkok,February,1-14,0,131
2022,Bangkok,February,15-18,1,300
2022,Bangkok,February,19-24,11,804
2022,Bangkok,February,25-35,23,1369
2022,Bangkok,February,36-60,32,1524
2022,Bangkok,February,60++,7,226
2022,Bangkok,March,1-14,0,143
2022,Bangkok,March,15-18,6,318
2022,Bangkok,March,19-24,7,932
2022,Bangkok,March,25-35,19,1615
2022,Bangkok,March,36-60,35,1550
2022,Bangkok,March,60++,6,249
2022,Bangkok,April,1-14,0,146
2022,Bangkok,April,15-18,3,262
2022,Bangkok,April,19-24,14,880
2022,Bangkok,April,25-35,25,1483
2022,Bangkok,April,36-60,28,1511
2022,Bangkok,April,60++,5,256
2022,Bangkok,May,1-14,1,174
2022,Bangkok,May,15-18,4,393
2022,Bangkok,May,19-24,7,974
2022,Bangkok,May,25-35,19,1610
2022,Bangkok,May,36-60,27,1572
2022,Bangkok,May,60++,11,260
2022,Bangkok,June,1-14,0,260
2022,Bangkok,June,15-18,3,513
2022,Bangkok,June,19-24,10,1146
2022,Bangkok,June,25-35,19,1798
2022,Bangkok,June,36-60,26,2033
2022,Bangkok,June,60++,4,305
2022,Bangkok,July,1-14,2,305
2022,Bangkok,July,15-18,0,536
2022,Bangkok,July,19-24,15,1337
2022,Bangkok,July,25-35,37,1956
2022,Bangkok,July,36-60,33,1961
2022,Bangkok,July,60++,7,323
2022,Bangkok,August,1-14,0,313
2022,Bangkok,August,15-18,4,641
2022,Bangkok,August,19-24,10,1502
2022,Bangkok,August,25-35,23,2167
2022,Bangkok,August,36-60,36,2305
2022,Bangkok,August,60++,3,334
2022,Bangkok,September,1-14,3,291
2022,Bangkok,September,15-18,3,562
2022,Bangkok,September,19-24,7,1358
2022,Bangkok,September,25-35,17,2151
2022,Bangkok,September,36-60,45,2283
2022,Bangkok,September,60++,5,379
2022,Bangkok,October,1-14,0,270
2022,Bangkok,October,15-18,7,584
2022,Bangkok,October,19-24,7,1300
2022,Bangkok,October,25-35,27,2021
2022,Bangkok,October,36-60,19,2176
2022,Bangkok,October,60++,3,375
2022,Bangkok,November,1-14,0,363
2022,Bangkok,November,15-18,1,659
2022,Bangkok,November,19-24,11,1445
2022,Bangkok,November,25-35,24,2280
2022,Bangkok,November,36-60,26,2475
2022,Bangkok,November,60++,6,374
2022,Bangkok,December,1-14,4,426
2022,Bangkok,December,15-18,10,713
2022,Bangkok,December,19-24,14,1587
2022,Bangkok,December,25-35,25,2372
2022,Bangkok,December,36-60,30,2503
2022,Bangkok,December,60++,9,448
2022,Kanchanaburi,January,1-14,0,40
2022,Kanchanaburi,January,15-18,0,80
2022,Kanchanaburi,January,19-24,2,116
2022,Kanchanaburi,January,25-35,1,156
2022,Kanchanaburi,January,36-60,7,212
2022,Kanchanaburi,January,60++,6,70
2022,Kanchanaburi,February,1-14,1,53
2022,Kanchanaburi,February,15-18,0,73
2022,Kanchanaburi,February,19-24,3,95
2022,Kanchanaburi,February,25-35,2,104
2022,Kanchanaburi,February,36-60,7,212
2022,Kanchanaburi,February,60++,3,57
2022,Kanchanaburi,March,1-14,0,41
2022,Kanchanaburi,March,15-18,1,99
2022,Kanchanaburi,March,19-24,0,87
2022,Kanchanaburi,March,25-35,2,143
2022,Kanchanaburi,March,36-60,9,202
2022,Kanchanaburi,March,60++,6,68
2022,Kanchanaburi,April,1-14,0,41
2022,Kanchanaburi,April,15-18,1,70
2022,Kanchanaburi,April,19-24,0,84
2022,Kanchanaburi,April,25-35,2,103
2022,Kanchanaburi,April,36-60,9,193
2022,Kanchanaburi,April,60++,4,60
2022,Kanchanaburi,May,1-14,0,41
2022,Kanchanaburi,May,15-18,2,73
2022,Kanchanaburi,May,19-24,2,61
2022,Kanchanaburi,May,25-35,6,119
2022,Kanchanaburi,May,36-60,4,197
2022,Kanchanaburi,May,60++,2,59
2022,Kanchanaburi,June,1-14,2,48
2022,Kanchanaburi,June,15-18,0,103
2022,Kanchanaburi,June,19-24,0,99
2022,Kanchanaburi,June,25-35,2,141
2022,Kanchanaburi,June,36-60,4,202
2022,Kanchanaburi,June,60++,3,73
2022,Kanchanaburi,July,1-14,0,55
2022,Kanchanaburi,July,15-18,1,94
2022,Kanchanaburi,July,19-24,1,89
2022,Kanchanaburi,July,25-35,3,116
2022,Kanchanaburi,July,36-60,3,181
2022,Kanchanaburi,July,60++,1,74
2022,Kanchanaburi,August,1-14,1,62
2022,Kanchanaburi,August,15-18,3,101
2022,Kanchanaburi,August,19-24,0,102
2022,Kanchanaburi,August,25-35,1,104
2022,Kanchanaburi,August,36-60,6,200
2022,Kanchanaburi,August,60++,6,90
2022,Kanchanaburi,September,1-14,4,52
2022,Kanchanaburi,September,15-18,1,79
2022,Kanchanaburi,September,19-24,3,97
2022,Kanchanaburi,September,25-35,1,128
2022,Kanchanaburi,September,36-60,8,211
2022,Kanchanaburi,September,60++,5,76
2022,Kanchanaburi,October,1-14,1,62
2022,Kanchanaburi,October,15-18,0,84
2022,Kanchanaburi,October,19-24,3,99
2022,Kanchanaburi,October,25-35,4,147
2022,Kanchanaburi,October,36-60,9,195
2022,Kanchanaburi,October,60++,1,85
2022,Kanchanaburi,November,1-14,0,42
2022,Kanchanaburi,November,15-18,4,101
2022,Kanchanaburi,November,19-24,2,88
2022,Kanchanaburi,November,25-35,1,113
2022,Kanchanaburi,November,36-60,6,209
2022,Kanchanaburi,November,60++,4,92
2022,Kanchanaburi,December,1-14,0,23
2022,Kanchanaburi,December,15-18,2,44
2022,Kanchanaburi,December,19-24,4,42
2022,Kanchanaburi,December,25-35,3,56
2022,Kanchanaburi,December,36-60,8,93
2022,Kanchanaburi,December,60++,1,37
2022,Chonburi,January,1-14,1,109
2022,Chonburi,January,15-18,2,181
2022,Chonburi,January,19-24,6,492
2022,Chonburi,January,25-35,12,754
2022,Chonburi,January,36-60,18,752
2022,Chonburi,January,60++,6,138
2022,Chonburi,February,1-14,0,94
2022,Chonburi,February,15-18,2,202
2022,Chonburi,February,19-24,3,463
2022,Chonburi,February,25-35,10,713
2022,Chonburi,February,36-60,9,751
2022,Chonburi,February,60++,3,145
2022,Chonburi,March,1-14,0,126
2022,Chonburi,March,15-18,4,200
2022,Chonburi,March,19-24,4,467
2022,Chonburi,March,25-35,8,744
2022,Chonburi,March,36-60,16,770
2022,Chonburi,March,60++,5,152
2022,Chonburi,April,1-14,0,102
2022,Chonburi,April,15-18,4,192
2022,Chonburi,April,19-24,9,454
2022,Chonburi,April,25-35,7,735
2022,Chonburi,April,36-60,14,788
2022,Chonburi,April,60++,2,144
2022,Chonburi,May,1-14,3,129
2022,Chonburi,May,15-18,2,226
2022,Chonburi,May,19-24,9,554
2022,Chonburi,May,25-35,20,858
2022,Chonburi,May,36-60,14,823
2022,Chonburi,May,60++,4,145
2022,Chonburi,June,1-14,3,158
2022,Chonburi,June,15-18,3,304
2022,Chonburi,June,19-24,2,578
2022,Chonburi,June,25-35,15,926
2022,Chonburi,June,36-60,9,910
2022,Chonburi,June,60++,3,139
2022,Chonburi,July,1-14,2,175
2022,Chonburi,July,15-18,5,298
2022,Chonburi,July,19-24,6,646
2022,Chonburi,July,25-35,15,932
2022,Chonburi,July,36-60,17,966
2022,Chonburi,July,60++,2,170
2022,Chonburi,August,1-14,1,187
2022,Chonburi,August,15-18,3,355
2022,Chonburi,August,19-24,6,602
2022,Chonburi,August,25-35,15,988
2022,Chonburi,August,36-60,20,1005
2022,Chonburi,August,60++,6,183
2022,Chonburi,September,1-14,2,186
2022,Chonburi,September,15-18,7,335
2022,Chonburi,September,19-24,3,608
2022,Chonburi,September,25-35,20,970
2022,Chonburi,September,36-60,22,947
2022,Chonburi,September,60++,2,178
2022,Chonburi,October,1-14,2,148
2022,Chonburi,October,15-18,3,301
2022,Chonburi,October,19-24,8,633
2022,Chonburi,October,25-35,18,1047
2022,Chonburi,October,36-60,13,996
2022,Chonburi,October,60++,4,178
2022,Chonburi,November,1-14,0,173
2022,Chonburi,November,15-18,4,386
2022,Chonburi,November,19-24,7,658
2022,Chonburi,November,25-35,20,977
2022,Chonburi,November,36-60,19,969
2022,Chonburi,November,60++,5,193
2022,Chonburi,December,1-14,1,143
2022,Chonburi,December,15-18,0,211
2022,Chonburi,December,19-24,8,444
2022,Chonburi,December,25-35,8,682
2022,Chonburi,December,36-60,18,675
2022,Chonburi,December,60++,6,133
2022,Nakhon-Ratchasima,January,1-14,0,193
2022,Nakhon-Ratchasima,January,15-18,7,269
2022,Nakhon-Ratchasima,January,19-24,11,384
2022,Nakhon-Ratchasima,January,25-35,13,483
2022,Nakhon-Ratchasima,January,36-60,16,774
2022,Nakhon-Ratchasima,January,60++,7,226
2022,Nakhon-Ratchasima,February,1-14,0,170
2022,Nakhon-Ratchasima,February,15-18,4,272
2022,Nakhon-Ratchasima,February,19-24,2,322
2022,Nakhon-Ratchasima,February,25-35,3,436
2022,Nakhon-Ratchasima,February,36-60,13,638
2022,Nakhon-Ratchasima,February,60++,4,229
2022,Nakhon-Ratchasima,March,1-14,3,141
2022,Nakhon-Ratchasima,March,15-18,4,209
2022,Nakhon-Ratchasima,March,19-24,5,359
2022,Nakhon-Ratchasima,March,25-35,6,395
2022,Nakhon-Ratchasima,March,36-60,19,698
2022,Nakhon-Ratchasima,March,60++,4,198
2022,Nakhon-Ratchasima,April,1-14,3,150
2022,Nakhon-Ratchasima,April,15-18,2,254
2022,Nakhon-Ratchasima,April,19-24,7,324
2022,Nakhon-Ratchasima,April,25-35,9,401
2022,Nakhon-Ratchasima,April,36-60,8,605
2022,Nakhon-Ratchasima,April,60++,10,208
2022,Nakhon-Ratchasima,May,1-14,1,240
2022,Nakhon-Ratchasima,May,15-18,3,422
2022,Nakhon-Ratchasima,May,19-24,3,399
2022,Nakhon-Ratchasima,May,25-35,9,470
2022,Nakhon-Ratchasima,May,36-60,7,728
2022,Nakhon-Ratchasima,May,60++,6,277
2022,Nakhon-Ratchasima,June,1-14,1,257
2022,Nakhon-Ratchasima,June,15-18,4,315
2022,Nakhon-Ratchasima,June,19-24,7,336
2022,Nakhon-Ratchasima,June,25-35,9,441
2022,Nakhon-Ratchasima,June,36-60,12,762
2022,Nakhon-Ratchasima,June,60++,5,252
2022,Nakhon-Ratchasima,July,1-14,2,228
2022,Nakhon-Ratchasima,July,15-18,2,362
2022,Nakhon-Ratchasima,July,19-24,2,368
2022,Nakhon-Ratchasima,July,25-35,6,426
2022,Nakhon-Ratchasima,July,36-60,24,712
2022,Nakhon-Ratchasima,July,60++,6,235
2022,Nakhon-Ratchasima,August,1-14,2,201
2022,Nakhon-Ratchasima,August,15-18,4,345
2022,Nakhon-Ratchasima,August,19-24,7,398
2022,Nakhon-Ratchasima,August,25-35,12,464
2022,Nakhon-Ratchasima,August,36-60,15,697
2022,Nakhon-Ratchasima,August,60++,3,230
2022,Nakhon-Ratchasima,September,1-14,1,187
2022,Nakhon-Ratchasima,September,15-18,3,299
2022,Nakhon-Ratchasima,September,19-24,4,400
2022,Nakhon-Ratchasima,September,25-35,10,518
2022,Nakhon-Ratchasima,September,36-60,22,755
2022,Nakhon-Ratchasima,September,60++,3,224
2022,Nakhon-Ratchasima,October,1-14,3,228
2022,Nakhon-Ratchasima,October,15-18,1,380
2022,Nakhon-Ratchasima,October,19-24,12,449
2022,Nakhon-Ratchasima,October,25-35,7,535
2022,Nakhon-Ratchasima,October,36-60,22,833
2022,Nakhon-Ratchasima,October,60++,14,275
2022,Nakhon-Ratchasima,November,1-14,2,162
2022,Nakhon-Ratchasima,November,15-18,4,228
2022,Nakhon-Ratchasima,November,19-24,5,261
2022,Nakhon-Ratchasima,November,25-35,17,305
2022,Nakhon-Ratchasima,November,36-60,28,487
2022,Nakhon-Ratchasima,November,60++,3,147
2022,Nakhon-Ratchasima,December,1-14,2,162
2022,Nakhon-Ratchasima,December,15-18,4,228
2022,Nakhon-Ratchasima,December,19-24,5,261
2022,Nakhon-Ratchasima,December,25-35,17,305
2022,Nakhon-Ratchasima,December,36-60,28,487
2022,Nakhon-Ratchasima,December,60++,3,147
2022,Surat-Thani,January,1-14,0,102
2022,Surat-Thani,January,15-18,1,128
2022,Surat-Thani,January,19-24,2,168
2022,Surat-Thani,January,25-35,2,235
2022,Surat-Thani,January,36-60,7,330
2022,Surat-Thani,January,60++,2,114
2022,Surat-Thani,February,1-14,1,98
2022,Surat-Thani,February,15-18,1,120
2022,Surat-Thani,February,19-24,2,143
2022,Surat-Thani,February,25-35,2,230
2022,Surat-Thani,February,36-60,4,305
2022,Surat-Thani,February,60++,2,91
2022,Surat-Thani,March,1-14,0,90
2022,Surat-Thani,March,15-18,0,86
2022,Surat-Thani,March,19-24,1,170
2022,Surat-Thani,March,25-35,2,224
2022,Surat-Thani,March,36-60,4,283
2022,Surat-Thani,March,60++,4,101
2022,Surat-Thani,April,1-14,2,65
2022,Surat-Thani,April,15-18,2,88
2022,Surat-Thani,April,19-24,1,148
2022,Surat-Thani,April,25-35,5,234
2022,Surat-Thani,April,36-60,8,354
2022,Surat-Thani,April,60++,4,81
2022,Surat-Thani,May,1-14,0,83
2022,Surat-Thani,May,15-18,1,131
2022,Surat-Thani,May,19-24,1,166
2022,Surat-Thani,May,25-35,1,216
2022,Surat-Thani,May,36-60,3,321
2022,Surat-Thani,May,60++,3,84
2022,Surat-Thani,June,1-14,0,128
2022,Surat-Thani,June,15-18,1,155
2022,Surat-Thani,June,19-24,5,199
2022,Surat-Thani,June,25-35,6,249
2022,Surat-Thani,June,36-60,11,401
2022,Surat-Thani,June,60++,6,102
2022,Surat-Thani,July,1-14,0,155
2022,Surat-Thani,July,15-18,6,214
2022,Surat-Thani,July,19-24,2,179
2022,Surat-Thani,July,25-35,2,251
2022,Surat-Thani,July,36-60,8,349
2022,Surat-Thani,July,60++,2,93
2022,Surat-Thani,August,1-14,1,144
2022,Surat-Thani,August,15-18,1,239
2022,Surat-Thani,August,19-24,4,225
2022,Surat-Thani,August,25-35,0,259
2022,Surat-Thani,August,36-60,7,433
2022,Surat-Thani,August,60++,3,111
2022,Surat-Thani,September,1-14,1,125
2022,Surat-Thani,September,15-18,1,193
2022,Surat-Thani,September,19-24,4,224
2022,Surat-Thani,September,25-35,6,288
2022,Surat-Thani,September,36-60,6,413
2022,Surat-Thani,September,60++,7,127
2022,Surat-Thani,October,1-14,0,123
2022,Surat-Thani,October,15-18,2,136
2022,Surat-Thani,October,19-24,3,197
2022,Surat-Thani,October,25-35,0,259
2022,Surat-Thani,October,36-60,12,336
2022,Surat-Thani,October,60++,2,130
2022,Surat-Thani,November,1-14,3,106
2022,Surat-Thani,November,15-18,0,188
2022,Surat-Thani,November,19-24,3,209
2022,Surat-Thani,November,25-35,4,281
2022,Surat-Thani,November,36-60,11,398
2022,Surat-Thani,November,60++,4,121
2022,Surat-Thani,December,1-14,1,121
2022,Surat-Thani,December,15-18,0,153
2022,Surat-Thani,December,19-24,3,104
2022,Surat-Thani,December,25-35,5,169
2022,Surat-Thani,December,36-60,2,229
2022,Surat-Thani,December,60++,3,70
2022,Chiang-Mai,January,1-14,1,112
2022,Chiang-Mai,January,15-18,2,153
2022,Chiang-Mai,January,19-24,8,345
2022,Chiang-Mai,January,25-35,9,463
2022,Chiang-Mai,January,36-60,13,640
2022,Chiang-Mai,January,60++,8,219
2022,Chiang-Mai,February,1-14,1,71
2022,Chiang-Mai,February,15-18,5,148
2022,Chiang-Mai,February,19-24,7,378
2022,Chiang-Mai,February,25-35,6,479
2022,Chiang-Mai,February,36-60,10,591
2022,Chiang-Mai,February,60++,3,218
2022,Chiang-Mai,March,1-14,0,83
2022,Chiang-Mai,March,15-18,3,170
2022,Chiang-Mai,March,19-24,13,348
2022,Chiang-Mai,March,25-35,7,494
2022,Chiang-Mai,March,36-60,11,609
2022,Chiang-Mai,March,60++,4,198
2022,Chiang-Mai,April,1-14,0,83
2022,Chiang-Mai,April,15-18,3,170
2022,Chiang-Mai,April,19-24,13,348
2022,Chiang-Mai,April,25-35,7,494
2022,Chiang-Mai,April,36-60,11,609
2022,Chiang-Mai,April,60++,4,198
2022,Chiang-Mai,May,1-14,0,91
2022,Chiang-Mai,May,15-18,2,174
2022,Chiang-Mai,May,19-24,5,332
2022,Chiang-Mai,May,25-35,4,496
2022,Chiang-Mai,May,36-60,3,612
2022,Chiang-Mai,May,60++,6,260
2022,Chiang-Mai,June,1-14,1,135
2022,Chiang-Mai,June,15-18,7,228
2022,Chiang-Mai,June,19-24,5,398
2022,Chiang-Mai,June,25-35,7,557
2022,Chiang-Mai,June,36-60,10,679
2022,Chiang-Mai,June,60++,3,209
2022,Chiang-Mai,July,1-14,2,140
2022,Chiang-Mai,July,15-18,0,247
2022,Chiang-Mai,July,19-24,9,532
2022,Chiang-Mai,July,25-35,5,534
2022,Chiang-Mai,July,36-60,10,706
2022,Chiang-Mai,July,60++,4,231
2022,Chiang-Mai,August,1-14,3,105
2022,Chiang-Mai,August,15-18,1,231
2022,Chiang-Mai,August,19-24,14,525
2022,Chiang-Mai,August,25-35,12,528
2022,Chiang-Mai,August,36-60,14,653
2022,Chiang-Mai,August,60++,8,251
2022,Chiang-Mai,September,1-14,1,117
2022,Chiang-Mai,September,15-18,0,239
2022,Chiang-Mai,September,19-24,6,483
2022,Chiang-Mai,September,25-35,12,492
2022,Chiang-Mai,September,36-60,11,671
2022,Chiang-Mai,September,60++,5,260
2022,Chiang-Mai,October,1-14,1,116
2022,Chiang-Mai,October,15-18,1,235
2022,Chiang-Mai,October,19-24,8,515
2022,Chiang-Mai,October,25-35,13,625
2022,Chiang-Mai,October,36-60,7,830
2022,Chiang-Mai,October,60++,5,279
2022,Chiang-Mai,November,1-14,1,149
2022,Chiang-Mai,November,15-18,7,242
2022,Chiang-Mai,November,19-24,16,588
2022,Chiang-Mai,November,25-35,7,614
2022,Chiang-Mai,November,36-60,11,893
2022,Chiang-Mai,November,60++,5,271
2022,Chiang-Mai,December,1-14,2,124
2022,Chiang-Mai,December,15-18,1,208
2022,Chiang-Mai,December,19-24,10,412
2022,Chiang-Mai,December,25-35,12,459
2022,Chiang-Mai,December,36-60,18,552
2022,Chiang-Mai,December,60++,12,200
2023,Bangkok,January,1-14,0,344
2023,Bangkok,January,15-18,1,597
2023,Bangkok,January,19-24,9,1473
2023,Bangkok,January,25-35,22,2448
2023,Bangkok,January,36-60,21,2706
2023,Bangkok,January,60++,10,466
2023,Bangkok,February,1-14,3,344
2023,Bangkok,February,15-18,4,676
2023,Bangkok,February,19-24,8,1509
2023,Bangkok,February,25-35,23,2427
2023,Bangkok,February,36-60,30,2662
2023,Bangkok,February,60++,9,432
2023,Bangkok,March,1-14,0,363
2023,Bangkok,March,15-18,4,632
2023,Bangkok,March,19-24,12,1749
2023,Bangkok,March,25-35,17,2773
2023,Bangkok,March,36-60,28,2813
2023,Bangkok,March,60++,11,450
2023,Bangkok,April,1-14,2,348
2023,Bangkok,April,15-18,2,666
2023,Bangkok,April,19-24,13,1588
2023,Bangkok,April,25-35,37,2462
2023,Bangkok,April,36-60,30,2386
2023,Bangkok,April,60++,7,427
2023,Bangkok,May,1-14,2,332
2023,Bangkok,May,15-18,6,696
2023,Bangkok,May,19-24,14,1658
2023,Bangkok,May,25-35,22,2545
2023,Bangkok,May,36-60,27,2684
2023,Bangkok,May,60++,4,451
2023,Bangkok,June,1-14,0,458
2023,Bangkok,June,15-18,1,809
2023,Bangkok,June,19-24,12,1661
2023,Bangkok,June,25-35,26,2561
2023,Bangkok,June,36-60,28,2668
2023,Bangkok,June,60++,3,430
2023,Bangkok,July,1-14,3,374
2023,Bangkok,July,15-18,4,835
2023,Bangkok,July,19-24,11,1678
2023,Bangkok,July,25-35,27,2531
2023,Bangkok,July,36-60,30,2583
2023,Bangkok,July,60++,8,413
2023,Bangkok,August,1-14,1,423
2023,Bangkok,August,15-18,3,798
2023,Bangkok,August,19-24,11,1624
2023,Bangkok,August,25-35,19,2474
2023,Bangkok,August,36-60,24,2463
2023,Bangkok,August,60++,3,416
2023,Bangkok,September,1-14,1,443
2023,Bangkok,September,15-18,3,724
2023,Bangkok,September,19-24,15,1642
2023,Bangkok,September,25-35,20,2527
2023,Bangkok,September,36-60,35,2481
2023,Bangkok,September,60++,8,515
2023,Bangkok,October,1-14,1,320
2023,Bangkok,October,15-18,9,696
2023,Bangkok,October,19-24,8,1690
2023,Bangkok,October,25-35,19,2639
2023,Bangkok,October,36-60,28,2553
2023,Bangkok,October,60++,9,472
2023,Bangkok,November,1-14,0,446
2023,Bangkok,November,15-18,3,835
2023,Bangkok,November,19-24,8,1648
2023,Bangkok,November,25-35,23,2615
2023,Bangkok,November,36-60,35,2698
2023,Bangkok,November,60++,8,482
2023,Bangkok,December,1-14,1,495
2023,Bangkok,December,15-18,4,905
2023,Bangkok,December,19-24,9,1956
2023,Bangkok,December,25-35,43,2847
2023,Bangkok,December,36-60,29,2893
2023,Bangkok,December,60++,3,538
2023,Kanchanaburi,January,1-14,1,27
2023,Kanchanaburi,January,15-18,1,42
2023,Kanchanaburi,January,19-24,3,43
2023,Kanchanaburi,January,25-35,7,68
2023,Kanchanaburi,January,36-60,10,114
2023,Kanchanaburi,January,60++,4,49
2023,Kanchanaburi,February,1-14,0,11
2023,Kanchanaburi,February,15-18,0,47
2023,Kanchanaburi,February,19-24,1,41
2023,Kanchanaburi,February,25-35,3,63
2023,Kanchanaburi,February,36-60,8,103
2023,Kanchanaburi,February,60++,3,41
2023,Kanchanaburi,March,1-14,0,25
2023,Kanchanaburi,March,15-18,0,34
2023,Kanchanaburi,March,19-24,2,59
2023,Kanchanaburi,March,25-35,4,66
2023,Kanchanaburi,March,36-60,10,101
2023,Kanchanaburi,March,60++,4,38
2023,Kanchanaburi,April,1-14,2,20
2023,Kanchanaburi,April,15-18,1,37
2023,Kanchanaburi,April,19-24,3,47
2023,Kanchanaburi,April,25-35,1,56
2023,Kanchanaburi,April,36-60,9,83
2023,Kanchanaburi,April,60++,4,30
2023,Kanchanaburi,May,1-14,0,48
2023,Kanchanaburi,May,15-18,7,36
2023,Kanchanaburi,May,19-24,1,48
2023,Kanchanaburi,May,25-35,3,73
2023,Kanchanaburi,May,36-60,10,108
2023,Kanchanaburi,May,60++,5,33
2023,Kanchanaburi,June,1-14,0,41
2023,Kanchanaburi,June,15-18,0,25
2023,Kanchanaburi,June,19-24,1,32
2023,Kanchanaburi,June,25-35,2,66
2023,Kanchanaburi,June,36-60,14,82
2023,Kanchanaburi,June,60++,5,31
2023,Kanchanaburi,July,1-14,0,53
2023,Kanchanaburi,July,15-18,0,72
2023,Kanchanaburi,July,19-24,4,45
2023,Kanchanaburi,July,25-35,1,73
2023,Kanchanaburi,July,36-60,9,108
2023,Kanchanaburi,July,60++,3,36
2023,Kanchanaburi,August,1-14,1,23
2023,Kanchanaburi,August,15-18,0,35
2023,Kanchanaburi,August,19-24,1,49
2023,Kanchanaburi,August,25-35,1,41
2023,Kanchanaburi,August,36-60,4,110
2023,Kanchanaburi,August,60++,2,43
2023,Kanchanaburi,September,1-14,1,24
2023,Kanchanaburi,September,15-18,0,49
2023,Kanchanaburi,September,19-24,1,60
2023,Kanchanaburi,September,25-35,2,51
2023,Kanchanaburi,September,36-60,8,92
2023,Kanchanaburi,September,60++,1,36
2023,Kanchanaburi,October,1-14,1,23
2023,Kanchanaburi,October,15-18,0,32
2023,Kanchanaburi,October,19-24,0,48
2023,Kanchanaburi,October,25-35,3,36
2023,Kanchanaburi,October,36-60,6,90
2023,Kanchanaburi,October,60++,3,43
2023,Kanchanaburi,November,1-14,2,44
2023,Kanchanaburi,November,15-18,2,62
2023,Kanchanaburi,November,19-24,4,63
2023,Kanchanaburi,November,25-35,2,61
2023,Kanchanaburi,November,36-60,3,140
2023,Kanchanaburi,November,60++,2,49
2023,Kanchanaburi,December,1-14,2,25
2023,Kanchanaburi,December,15-18,2,66
2023,Kanchanaburi,December,19-24,0,59
2023,Kanchanaburi,December,25-35,4,74
2023,Kanchanaburi,December,36-60,12,91
2023,Kanchanaburi,December,60++,0,37
2023,Chonburi,January,1-14,0,134
2023,Chonburi,January,15-18,4,236
2023,Chonburi,January,19-24,5,412
2023,Chonburi,January,25-35,15,636
2023,Chonburi,January,36-60,15,677
2023,Chonburi,January,60++,4,126
2023,Chonburi,February,1-14,2,124
2023,Chonburi,February,15-18,4,192
2023,Chonburi,February,19-24,6,406
2023,Chonburi,February,25-35,13,664
2023,Chonburi,February,36-60,16,676
2023,Chonburi,February,60++,3,109
2023,Chonburi,March,1-14,2,154
2023,Chonburi,March,15-18,2,186
2023,Chonburi,March,19-24,9,414
2023,Chonburi,March,25-35,22,716
2023,Chonburi,March,36-60,14,731
2023,Chonburi,March,60++,7,130
2023,Chonburi,April,1-14,1,126
2023,Chonburi,April,15-18,0,209
2023,Chonburi,April,19-24,3,423
2023,Chonburi,April,25-35,16,673
2023,Chonburi,April,36-60,22,668
2023,Chonburi,April,60++,2,94
2023,Chonburi,May,1-14,1,125
2023,Chonburi,May,15-18,1,209
2023,Chonburi,May,19-24,6,450
2023,Chonburi,May,25-35,18,667
2023,Chonburi,May,36-60,7,696
2023,Chonburi,May,60++,2,121
2023,Chonburi,June,1-14,2,118
2023,Chonburi,June,15-18,3,240
2023,Chonburi,June,19-24,11,439
2023,Chonburi,June,25-35,13,666
2023,Chonburi,June,36-60,17,647
2023,Chonburi,June,60++,5,111
2023,Chonburi,July,1-14,2,145
2023,Chonburi,July,15-18,2,279
2023,Chonburi,July,19-24,10,459
2023,Chonburi,July,25-35,17,673
2023,Chonburi,July,36-60,14,684
2023,Chonburi,July,60++,5,120
2023,Chonburi,August,1-14,0,145
2023,Chonburi,August,15-18,3,245
2023,Chonburi,August,19-24,2,462
2023,Chonburi,August,25-35,12,721
2023,Chonburi,August,36-60,11,647
2023,Chonburi,August,60++,1,110
2023,Chonburi,September,1-14,4,112
2023,Chonburi,September,15-18,2,224
2023,Chonburi,September,19-24,7,407
2023,Chonburi,September,25-35,9,638
2023,Chonburi,September,36-60,10,656
2023,Chonburi,September,60++,4,105
2023,Chonburi,October,1-14,1,129
2023,Chonburi,October,15-18,1,183
2023,Chonburi,October,19-24,5,451
2023,Chonburi,October,25-35,13,720
2023,Chonburi,October,36-60,10,720
2023,Chonburi,October,60++,3,137
2023,Chonburi,November,1-14,1,128
2023,Chonburi,November,15-18,1,223
2023,Chonburi,November,19-24,4,485
2023,Chonburi,November,25-35,15,697
2023,Chonburi,November,36-60,20,656
2023,Chonburi,November,60++,2,145
2023,Chonburi,December,1-14,1,148
2023,Chonburi,December,15-18,2,257
2023,Chonburi,December,19-24,11,527
2023,Chonburi,December,25-35,21,817
2023,Chonburi,December,36-60,12,817
2023,Chonburi,December,60++,12,128
2023,Nakhon-Ratchasima,January,1-14,2,121
2023,Nakhon-Ratchasima,January,15-18,6,201
2023,Nakhon-Ratchasima,January,19-24,4,247
2023,Nakhon-Ratchasima,January,25-35,9,281
2023,Nakhon-Ratchasima,January,36-60,21,447
2023,Nakhon-Ratchasima,January,60++,11,149
2023,Nakhon-Ratchasima,February,1-14,2,153
2023,Nakhon-Ratchasima,February,15-18,4,197
2023,Nakhon-Ratchasima,February,19-24,5,217
2023,Nakhon-Ratchasima,February,25-35,10,287
2023,Nakhon-Ratchasima,February,36-60,27,475
2023,Nakhon-Ratchasima,February,60++,4,144
2023,Nakhon-Ratchasima,March,1-14,4,203
2023,Nakhon-Ratchasima,March,15-18,4,219
2023,Nakhon-Ratchasima,March,19-24,5,236
2023,Nakhon-Ratchasima,March,25-35,7,279
2023,Nakhon-Ratchasima,March,36-60,21,480
2023,Nakhon-Ratchasima,March,60++,8,150
2023,Nakhon-Ratchasima,April,1-14,1,160
2023,Nakhon-Ratchasima,April,15-18,4,198
2023,Nakhon-Ratchasima,April,19-24,5,281
2023,Nakhon-Ratchasima,April,25-35,10,315
2023,Nakhon-Ratchasima,April,36-60,21,504
2023,Nakhon-Ratchasima,April,60++,7,149
2023,Nakhon-Ratchasima,May,1-14,1,135
2023,Nakhon-Ratchasima,May,15-18,1,199
2023,Nakhon-Ratchasima,May,19-24,4,223
2023,Nakhon-Ratchasima,May,25-35,7,252
2023,Nakhon-Ratchasima,May,36-60,20,441
2023,Nakhon-Ratchasima,May,60++,5,120
2023,Nakhon-Ratchasima,June,1-14,0,197
2023,Nakhon-Ratchasima,June,15-18,5,260
2023,Nakhon-Ratchasima,June,19-24,3,215
2023,Nakhon-Ratchasima,June,25-35,5,300
2023,Nakhon-Ratchasima,June,36-60,14,449
2023,Nakhon-Ratchasima,June,60++,9,161
2023,Nakhon-Ratchasima,July,1-14,2,176
2023,Nakhon-Ratchasima,July,15-18,2,300
2023,Nakhon-Ratchasima,July,19-24,4,227
2023,Nakhon-Ratchasima,July,25-35,12,274
2023,Nakhon-Ratchasima,July,36-60,16,437
2023,Nakhon-Ratchasima,July,60++,4,129
2023,Nakhon-Ratchasima,August,1-14,5,250
2023,Nakhon-Ratchasima,August,15-18,4,282
2023,Nakhon-Ratchasima,August,19-24,3,245
2023,Nakhon-Ratchasima,August,25-35,7,264
2023,Nakhon-Ratchasima,August,36-60,13,425
2023,Nakhon-Ratchasima,August,60++,6,143
2023,Nakhon-Ratchasima,September,1-14,2,162
2023,Nakhon-Ratchasima,September,15-18,4,240
2023,Nakhon-Ratchasima,September,19-24,1,203
2023,Nakhon-Ratchasima,September,25-35,7,234
2023,Nakhon-Ratchasima,September,36-60,9,354
2023,Nakhon-Ratchasima,September,60++,1,128
2023,Nakhon-Ratchasima,October,1-14,3,160
2023,Nakhon-Ratchasima,October,15-18,6,183
2023,Nakhon-Ratchasima,October,19-24,7,217
2023,Nakhon-Ratchasima,October,25-35,9,304
2023,Nakhon-Ratchasima,October,36-60,13,408
2023,Nakhon-Ratchasima,October,60++,5,108
2023,Nakhon-Ratchasima,November,1-14,1,192
2023,Nakhon-Ratchasima,November,15-18,1,290
2023,Nakhon-Ratchasima,November,19-24,6,277
2023,Nakhon-Ratchasima,November,25-35,7,351
2023,Nakhon-Ratchasima,November,36-60,18,529
2023,Nakhon-Ratchasima,November,60++,10,184
2023,Nakhon-Ratchasima,December,1-14,1,210
2023,Nakhon-Ratchasima,December,15-18,3,285
2023,Nakhon-Ratchasima,December,19-24,5,287
2023,Nakhon-Ratchasima,December,25-35,4,362
2023,Nakhon-Ratchasima,December,36-60,19,587
2023,Nakhon-Ratchasima,December,60++,10,168
2023,Surat-Thani,January,1-14,0,103
2023,Surat-Thani,January,15-18,2,161
2023,Surat-Thani,January,19-24,6,142
2023,Surat-Thani,January,25-35,9,207
2023,Surat-Thani,January,36-60,13,257
2023,Surat-Thani,January,60++,3,71
2023,Surat-Thani,February,1-14,2,66
2023,Surat-Thani,February,15-18,4,119
2023,Surat-Thani,February,19-24,1,135
2023,Surat-Thani,February,25-35,8,181
2023,Surat-Thani,February,36-60,5,211
2023,Surat-Thani,February,60++,2,69
2023,Surat-Thani,March,1-14,1,78
2023,Surat-Thani,March,15-18,0,139
2023,Surat-Thani,March,19-24,7,144
2023,Surat-Thani,March,25-35,5,196
2023,Surat-Thani,March,36-60,10,288
2023,Surat-Thani,March,60++,2,70
2023,Surat-Thani,April,1-14,3,89
2023,Surat-Thani,April,15-18,1,71
2023,Surat-Thani,April,19-24,7,123
2023,Surat-Thani,April,25-35,3,178
2023,Surat-Thani,April,36-60,10,263
2023,Surat-Thani,April,60++,3,77
2023,Surat-Thani,May,1-14,2,78
2023,Surat-Thani,May,15-18,2,98
2023,Surat-Thani,May,19-24,1,127
2023,Surat-Thani,May,25-35,1,163
2023,Surat-Thani,May,36-60,12,218
2023,Surat-Thani,May,60++,5,65
2023,Surat-Thani,June,1-14,2,90
2023,Surat-Thani,June,15-18,1,134
2023,Surat-Thani,June,19-24,2,117
2023,Surat-Thani,June,25-35,5,162
2023,Surat-Thani,June,36-60,6,213
2023,Surat-Thani,June,60++,4,59
2023,Surat-Thani,July,1-14,0,78
2023,Surat-Thani,July,15-18,3,140
2023,Surat-Thani,July,19-24,2,119
2023,Surat-Thani,July,25-35,7,146
2023,Surat-Thani,July,36-60,8,200
2023,Surat-Thani,July,60++,5,51
2023,Surat-Thani,August,1-14,0,75
2023,Surat-Thani,August,15-18,1,126
2023,Surat-Thani,August,19-24,0,109
2023,Surat-Thani,August,25-35,8,166
2023,Surat-Thani,August,36-60,15,247
2023,Surat-Thani,August,60++,1,69
2023,Surat-Thani,September,1-14,1,101
2023,Surat-Thani,September,15-18,0,117
2023,Surat-Thani,September,19-24,3,115
2023,Surat-Thani,September,25-35,4,156
2023,Surat-Thani,September,36-60,14,229
2023,Surat-Thani,September,60++,6,61
2023,Surat-Thani,October,1-14,1,69
2023,Surat-Thani,October,15-18,0,81
2023,Surat-Thani,October,19-24,1,120
2023,Surat-Thani,October,25-35,7,155
2023,Surat-Thani,October,36-60,7,216
2023,Surat-Thani,October,60++,5,53
2023,Surat-Thani,November,1-14,2,60
2023,Surat-Thani,November,15-18,0,93
2023,Surat-Thani,November,19-24,2,102
2023,Surat-Thani,November,25-35,6,125
2023,Surat-Thani,November,36-60,7,189
2023,Surat-Thani,November,60++,4,45
2023,Surat-Thani,December,1-14,0,80
2023,Surat-Thani,December,15-18,0,105
2023,Surat-Thani,December,19-24,2,121
2023,Surat-Thani,December,25-35,5,163
2023,Surat-Thani,December,36-60,5,214
2023,Surat-Thani,December,60++,2,59
2023,Chiang-Mai,January,1-14,0,85
2023,Chiang-Mai,January,15-18,0,201
2023,Chiang-Mai,January,19-24,8,418
2023,Chiang-Mai,January,25-35,8,472
2023,Chiang-Mai,January,36-60,14,572
2023,Chiang-Mai,January,60++,6,225
2023,Chiang-Mai,February,1-14,1,91
2023,Chiang-Mai,February,15-18,1,172
2023,Chiang-Mai,February,19-24,6,408
2023,Chiang-Mai,February,25-35,18,472
2023,Chiang-Mai,February,36-60,16,600
2023,Chiang-Mai,February,60++,7,199
2023,Chiang-Mai,March,1-14,1,112
2023,Chiang-Mai,March,15-18,0,188
2023,Chiang-Mai,March,19-24,8,378
2023,Chiang-Mai,March,25-35,9,472
2023,Chiang-Mai,March,36-60,14,603
2023,Chiang-Mai,March,60++,8,198
2023,Chiang-Mai,April,1-14,0,134
2023,Chiang-Mai,April,15-18,2,207
2023,Chiang-Mai,April,19-24,7,347
2023,Chiang-Mai,April,25-35,15,476
2023,Chiang-Mai,April,36-60,12,581
2023,Chiang-Mai,April,60++,9,206
2023,Chiang-Mai,May,1-14,1,112
2023,Chiang-Mai,May,15-18,1,161
2023,Chiang-Mai,May,19-24,4,333
2023,Chiang-Mai,May,25-35,6,434
2023,Chiang-Mai,May,36-60,11,509
2023,Chiang-Mai,May,60++,8,185
2023,Chiang-Mai,June,1-14,2,112
2023,Chiang-Mai,June,15-18,3,197
2023,Chiang-Mai,June,19-24,2,306
2023,Chiang-Mai,June,25-35,3,420
2023,Chiang-Mai,June,36-60,6,476
2023,Chiang-Mai,June,60++,7,158
2023,Chiang-Mai,July,1-14,0,119
2023,Chiang-Mai,July,15-18,3,186
2023,Chiang-Mai,July,19-24,8,355
2023,Chiang-Mai,July,25-35,11,408
2023,Chiang-Mai,July,36-60,7,500
2023,Chiang-Mai,July,60++,7,173
2023,Chiang-Mai,August,1-14,0,101
2023,Chiang-Mai,August,15-18,2,187
2023,Chiang-Mai,August,19-24,4,320
2023,Chiang-Mai,August,25-35,6,383
2023,Chiang-Mai,August,36-60,15,429
2023,Chiang-Mai,August,60++,4,160
2023,Chiang-Mai,September,1-14,0,99
2023,Chiang-Mai,September,15-18,1,172
2023,Chiang-Mai,September,19-24,4,420
2023,Chiang-Mai,September,25-35,4,388
2023,Chiang-Mai,September,36-60,9,413
2023,Chiang-Mai,September,60++,6,152
2023,Chiang-Mai,October,1-14,4,101
2023,Chiang-Mai,October,15-18,1,174
2023,Chiang-Mai,October,19-24,3,388
2023,Chiang-Mai,October,25-35,6,410
2023,Chiang-Mai,October,36-60,15,479
2023,Chiang-Mai,October,60++,7,194
2023,Chiang-Mai,November,1-14,1,139
2023,Chiang-Mai,November,15-18,2,233
2023,Chiang-Mai,November,19-24,8,420
2023,Chiang-Mai,November,25-35,15,471
2023,Chiang-Mai,November,36-60,21,606
2023,Chiang-Mai,November,60++,2,260
2023,Chiang-Mai,December,1-14,2,167
2023,Chiang-Mai,December,15-18,2,252
2023,Chiang-Mai,December,19-24,11,519
2023,Chiang-Mai,December,25-35,20,563
2023,Chiang-Mai,December,36-60,10,727
2023,Chiang-Mai,December,60++,5,225
2024,Bangkok,January,1-14,2,397
2024,Bangkok,January,15-18,3,814
2024,Bangkok,January,19-24,8,1911
2024,Bangkok,January,25-35,32,2809
2024,Bangkok,January,36-60,42,2946
2024,Bangkok,January,60++,5,524
2024,Bangkok,February,1-14,2,341
2024,Bangkok,February,15-18,2,739
2024,Bangkok,February,19-24,7,1732
2024,Bangkok,February,25-35,29,2634
2024,Bangkok,February,36-60,25,2821
2024,Bangkok,February,60++,4,507
2024,Bangkok,March,1-14,2,382
2024,Bangkok,March,15-18,4,727
2024,Bangkok,March,19-24,9,1783
2024,Bangkok,March,25-35,27,2971
2024,Bangkok,March,36-60,25,2874
2024,Bangkok,March,60++,6,541
2024,Bangkok,April,1-14,1,347
2024,Bangkok,April,15-18,5,740
2024,Bangkok,April,19-24,7,1653
2024,Bangkok,April,25-35,20,2576
2024,Bangkok,April,36-60,30,2569
2024,Bangkok,April,60++,11,468
2024,Bangkok,May,1-14,0,318
2024,Bangkok,May,15-18,4,627
2024,Bangkok,May,19-24,9,1716
2024,Bangkok,May,25-35,19,2803
2024,Bangkok,May,36-60,18,2778
2024,Bangkok,May,60++,6,500
2024,Bangkok,June,1-14,2,420
2024,Bangkok,June,15-18,3,941
2024,Bangkok,June,19-24,8,1645
2024,Bangkok,June,25-35,15,2668
2024,Bangkok,June,36-60,23,2694
2024,Bangkok,June,60++,7,462
2024,Bangkok,July,1-14,3,506
2024,Bangkok,July,15-18,3,923
2024,Bangkok,July,19-24,14,1876
2024,Bangkok,July,25-35,18,2826
2024,Bangkok,July,36-60,26,2917
2024,Bangkok,July,60++,2,518
2024,Bangkok,August,1-14,0,456
2024,Bangkok,August,15-18,6,881
2024,Bangkok,August,19-24,11,1841
2024,Bangkok,August,25-35,27,2734
2024,Bangkok,August,36-60,12,2813
2024,Bangkok,August,60++,11,496
2024,Bangkok,September,1-14,2,438
2024,Bangkok,September,15-18,3,853
2024,Bangkok,September,19-24,8,1840
2024,Bangkok,September,25-35,20,2705
2024,Bangkok,September,36-60,22,2782
2024,Bangkok,September,60++,7,471
2024,Bangkok,October,1-14,1,418
2024,Bangkok,October,15-18,6,801
2024,Bangkok,October,19-24,5,1866
2024,Bangkok,October,25-35,20,2781
2024,Bangkok,October,36-60,24,2749
2024,Bangkok,October,60++,12,481
2024,Bangkok,November,1-14,0,483
2024,Bangkok,November,15-18,9,961
2024,Bangkok,November,19-24,15,1861
2024,Bangkok,November,25-35,12,2871
2024,Bangkok,November,36-60,24,2981
2024,Bangkok,November,60++,4,543
2024,Bangkok,December,1-14,1,523
2024,Bangkok,December,15-18,6,915
2024,Bangkok,December,19-24,5,1948
2024,Bangkok,December,25-35,21,3052
2024,Bangkok,December,36-60,39,3145
2024,Bangkok,December,60++,8,613
2024,Kanchanaburi,January,1-14,0,44
2024,Kanchanaburi,January,15-18,1,60
2024,Kanchanaburi,January,19-24,2,51
2024,Kanchanaburi,January,25-35,9,79
2024,Kanchanaburi,January,36-60,6,117
2024,Kanchanaburi,January,60++,3,52
2024,Kanchanaburi,February,1-14,0,35
2024,Kanchanaburi,February,15-18,0,43
2024,Kanchanaburi,February,19-24,2,78
2024,Kanchanaburi,February,25-35,3,73
2024,Kanchanaburi,February,36-60,11,106
2024,Kanchanaburi,February,60++,2,47
2024,Kanchanaburi,March,1-14,0,43
2024,Kanchanaburi,March,15-18,1,40
2024,Kanchanaburi,March,19-24,4,61
2024,Kanchanaburi,March,25-35,3,73
2024,Kanchanaburi,March,36-60,6,119
2024,Kanchanaburi,March,60++,3,39
2024,Kanchanaburi,April,1-14,1,40
2024,Kanchanaburi,April,15-18,1,44
2024,Kanchanaburi,April,19-24,2,44
2024,Kanchanaburi,April,25-35,6,72
2024,Kanchanaburi,April,36-60,10,130
2024,Kanchanaburi,April,60++,1,42
2024,Kanchanaburi,May,1-14,1,37
2024,Kanchanaburi,May,15-18,0,52
2024,Kanchanaburi,May,19-24,1,43
2024,Kanchanaburi,May,25-35,2,52
2024,Kanchanaburi,May,36-60,6,76
2024,Kanchanaburi,May,60++,2,33
2024,Kanchanaburi,June,1-14,0,31
2024,Kanchanaburi,June,15-18,4,57
2024,Kanchanaburi,June,19-24,2,47
2024,Kanchanaburi,June,25-35,6,76
2024,Kanchanaburi,June,36-60,5,89
2024,Kanchanaburi,June,60++,4,34
2024,Kanchanaburi,July,1-14,0,32
2024,Kanchanaburi,July,15-18,0,33
2024,Kanchanaburi,July,19-24,0,49
2024,Kanchanaburi,July,25-35,1,55
2024,Kanchanaburi,July,36-60,3,107
2024,Kanchanaburi,July,60++,1,39
2024,Kanchanaburi,August,1-14,2,49
2024,Kanchanaburi,August,15-18,1,62
2024,Kanchanaburi,August,19-24,2,64
2024,Kanchanaburi,August,25-35,1,66
2024,Kanchanaburi,August,36-60,6,120
2024,Kanchanaburi,August,60++,1,49
2024,Kanchanaburi,September,1-14,0,33
2024,Kanchanaburi,September,15-18,2,43
2024,Kanchanaburi,September,19-24,0,50
2024,Kanchanaburi,September,25-35,1,71
2024,Kanchanaburi,September,36-60,8,93
2024,Kanchanaburi,September,60++,2,33
2024,Kanchanaburi,October,1-14,1,36
2024,Kanchanaburi,October,15-18,1,49
2024,Kanchanaburi,October,19-24,2,57
2024,Kanchanaburi,October,25-35,2,65
2024,Kanchanaburi,October,36-60,10,94
2024,Kanchanaburi,October,60++,4,39
2024,Kanchanaburi,November,1-14,0,33
2024,Kanchanaburi,November,15-18,1,56
2024,Kanchanaburi,November,19-24,2,55
2024,Kanchanaburi,November,25-35,5,54
2024,Kanchanaburi,November,36-60,6,101
2024,Kanchanaburi,November,60++,33,44
2024,Kanchanaburi,December,1-14,4,30
2024,Kanchanaburi,December,15-18,1,53
2024,Kanchanaburi,December,19-24,2,54
2024,Kanchanaburi,December,25-35,5,92
2024,Kanchanaburi,December,36-60,7,115
2024,Kanchanaburi,December,60++,5,53
2024,Chonburi,January,1-14,0,135
2024,Chonburi,January,15-18,6,259
2024,Chonburi,January,19-24,4,497
2024,Chonburi,January,25-35,20,735
2024,Chonburi,January,36-60,12,729
2024,Chonburi,January,60++,8,141
2024,Chonburi,February,1-14,1,133
2024,Chonburi,February,15-18,1,208
2024,Chonburi,February,19-24,8,438
2024,Chonburi,February,25-35,18,697
2024,Chonburi,February,36-60,26,672
2024,Chonburi,February,60++,6,129
2024,Chonburi,March,1-14,2,175
2024,Chonburi,March,15-18,2,216
2024,Chonburi,March,19-24,8,467
2024,Chonburi,March,25-35,12,745
2024,Chonburi,March,36-60,18,733
2024,Chonburi,March,60++,5,131
2024,Chonburi,April,1-14,0,122
2024,Chonburi,April,15-18,4,200
2024,Chonburi,April,19-24,11,429
2024,Chonburi,April,25-35,10,633
2024,Chonburi,April,36-60,20,609
2024,Chonburi,April,60++,2,115
2024,Chonburi,May,1-14,1,111
2024,Chonburi,May,15-18,3,211
2024,Chonburi,May,19-24,8,458
2024,Chonburi,May,25-35,14,648
2024,Chonburi,May,36-60,23,686
2024,Chonburi,May,60++,3,131
2024,Chonburi,June,1-14,1,144
2024,Chonburi,June,15-18,1,270
2024,Chonburi,June,19-24,8,449
2024,Chonburi,June,25-35,12,686
2024,Chonburi,June,36-60,18,684
2024,Chonburi,June,60++,2,121
2024,Chonburi,July,1-14,1,164
2024,Chonburi,July,15-18,1,272
2024,Chonburi,July,19-24,7,500
2024,Chonburi,July,25-35,13,729
2024,Chonburi,July,36-60,19,706
2024,Chonburi,July,60++,4,106
2024,Chonburi,August,1-14,1,161
2024,Chonburi,August,15-18,2,254
2024,Chonburi,August,19-24,17,450
2024,Chonburi,August,25-35,16,702
2024,Chonburi,August,36-60,13,703
2024,Chonburi,August,60++,4,111
2024,Chonburi,September,1-14,3,127
2024,Chonburi,September,15-18,2,239
2024,Chonburi,September,19-24,4,426
2024,Chonburi,September,25-35,12,752
2024,Chonburi,September,36-60,15,677
2024,Chonburi,September,60++,7,143
2024,Chonburi,October,1-14,0,143
2024,Chonburi,October,15-18,2,199
2024,Chonburi,October,19-24,5,465
2024,Chonburi,October,25-35,15,664
2024,Chonburi,October,36-60,20,696
2024,Chonburi,October,60++,4,130
2024,Chonburi,November,1-14,1,121
2024,Chonburi,November,15-18,1,248
2024,Chonburi,November,19-24,9,497
2024,Chonburi,November,25-35,20,715
2024,Chonburi,November,36-60,12,755
2024,Chonburi,November,60++,3,127
2024,Chonburi,December,1-14,0,166
2024,Chonburi,December,15-18,4,250
2024,Chonburi,December,19-24,13,522
2024,Chonburi,December,25-35,9,759
2024,Chonburi,December,36-60,16,695
2024,Chonburi,December,60++,4,122
2024,Nakhon-Ratchasima,January,1-14,1,217
2024,Nakhon-Ratchasima,January,15-18,5,323
2024,Nakhon-Ratchasima,January,19-24,3,305
2024,Nakhon-Ratchasima,January,25-35,10,408
2024,Nakhon-Ratchasima,January,36-60,15,606
2024,Nakhon-Ratchasima,January,60++,10,224
2024,Nakhon-Ratchasima,February,1-14,1,219
2024,Nakhon-Ratchasima,February,15-18,4,312
2024,Nakhon-Ratchasima,February,19-24,8,301
2024,Nakhon-Ratchasima,February,25-35,10,360
2024,Nakhon-Ratchasima,February,36-60,19,583
2024,Nakhon-Ratchasima,February,60++,8,187
2024,Nakhon-Ratchasima,March,1-14,2,192
2024,Nakhon-Ratchasima,March,15-18,2,246
2024,Nakhon-Ratchasima,March,19-24,3,288
2024,Nakhon-Ratchasima,March,25-35,8,311
2024,Nakhon-Ratchasima,March,36-60,25,507
2024,Nakhon-Ratchasima,March,60++,7,167
2024,Nakhon-Ratchasima,April,1-14,1,181
2024,Nakhon-Ratchasima,April,15-18,6,194
2024,Nakhon-Ratchasima,April,19-24,4,281
2024,Nakhon-Ratchasima,April,25-35,5,302
2024,Nakhon-Ratchasima,April,36-60,23,505
2024,Nakhon-Ratchasima,April,60++,7,167
2024,Nakhon-Ratchasima,May,1-14,1,182
2024,Nakhon-Ratchasima,May,15-18,1,214
2024,Nakhon-Ratchasima,May,19-24,3,248
2024,Nakhon-Ratchasima,May,25-35,11,278
2024,Nakhon-Ratchasima,May,36-60,9,506
2024,Nakhon-Ratchasima,May,60++,3,167
2024,Nakhon-Ratchasima,June,1-14,2,245
2024,Nakhon-Ratchasima,June,15-18,5,307
2024,Nakhon-Ratchasima,June,19-24,1,250
2024,Nakhon-Ratchasima,June,25-35,6,313
2024,Nakhon-Ratchasima,June,36-60,14,493
2024,Nakhon-Ratchasima,June,60++,7,184
2024,Nakhon-Ratchasima,July,1-14,2,197
2024,Nakhon-Ratchasima,July,15-18,3,272
2024,Nakhon-Ratchasima,July,19-24,1,218
2024,Nakhon-Ratchasima,July,25-35,6,279
2024,Nakhon-Ratchasima,July,36-60,15,403
2024,Nakhon-Ratchasima,July,60++,4,160
2024,Nakhon-Ratchasima,August,1-14,2,208
2024,Nakhon-Ratchasima,August,15-18,1,317
2024,Nakhon-Ratchasima,August,19-24,4,273
2024,Nakhon-Ratchasima,August,25-35,11,320
2024,Nakhon-Ratchasima,August,36-60,9,455
2024,Nakhon-Ratchasima,August,60++,4,183
2024,Nakhon-Ratchasima,September,1-14,2,205
2024,Nakhon-Ratchasima,September,15-18,3,249
2024,Nakhon-Ratchasima,September,19-24,2,241
2024,Nakhon-Ratchasima,September,25-35,5,278
2024,Nakhon-Ratchasima,September,36-60,8,469
2024,Nakhon-Ratchasima,September,60++,6,165
2024,Nakhon-Ratchasima,October,1-14,1,170
2024,Nakhon-Ratchasima,October,15-18,4,206
2024,Nakhon-Ratchasima,October,19-24,1,227
2024,Nakhon-Ratchasima,October,25-35,3,294
2024,Nakhon-Ratchasima,October,36-60,17,463
2024,Nakhon-Ratchasima,October,60++,6,185
2024,Nakhon-Ratchasima,November,1-14,1,230
2024,Nakhon-Ratchasima,November,15-18,2,273
2024,Nakhon-Ratchasima,November,19-24,3,238
2024,Nakhon-Ratchasima,November,25-35,7,335
2024,Nakhon-Ratchasima,November,36-60,11,572
2024,Nakhon-Ratchasima,November,60++,7,186
2024,Nakhon-Ratchasima,December,1-14,5,243
2024,Nakhon-Ratchasima,December,15-18,2,331
2024,Nakhon-Ratchasima,December,19-24,4,316
2024,Nakhon-Ratchasima,December,25-35,6,357
2024,Nakhon-Ratchasima,December,36-60,16,534
2024,Nakhon-Ratchasima,December,60++,9,193
2024,Surat-Thani,January,1-14,1,92
2024,Surat-Thani,January,15-18,0,126
2024,Surat-Thani,January,19-24,2,145
2024,Surat-Thani,January,25-35,8,180
2024,Surat-Thani,January,36-60,13,255
2024,Surat-Thani,January,60++,5,76
2024,Surat-Thani,February,1-14,1,85
2024,Surat-Thani,February,15-18,1,128
2024,Surat-Thani,February,19-24,3,132
2024,Surat-Thani,February,25-35,10,185
2024,Surat-Thani,February,36-60,6,233
2024,Surat-Thani,February,60++,2,72
2024,Surat-Thani,March,1-14,0,67
2024,Surat-Thani,March,15-18,3,105
2024,Surat-Thani,March,19-24,0,159
2024,Surat-Thani,March,25-35,3,151
2024,Surat-Thani,March,36-60,7,222
2024,Surat-Thani,March,60++,0,71
2024,Surat-Thani,April,1-14,2,67
2024,Surat-Thani,April,15-18,1,78
2024,Surat-Thani,April,19-24,3,148
2024,Surat-Thani,April,25-35,10,161
2024,Surat-Thani,April,36-60,9,226
2024,Surat-Thani,April,60++,5,56
2024,Surat-Thani,May,1-14,2,52
2024,Surat-Thani,May,15-18,1,112
2024,Surat-Thani,May,19-24,2,118
2024,Surat-Thani,May,25-35,6,154
2024,Surat-Thani,May,36-60,5,225
2024,Surat-Thani,May,60++,3,50
2024,Surat-Thani,June,1-14,0,79
2024,Surat-Thani,June,15-18,1,124
2024,Surat-Thani,June,19-24,1,109
2024,Surat-Thani,June,25-35,1,136
2024,Surat-Thani,June,36-60,5,219
2024,Surat-Thani,June,60++,4,60
2024,Surat-Thani,July,1-14,0,90
2024,Surat-Thani,July,15-18,2,148
2024,Surat-Thani,July,19-24,2,155
2024,Surat-Thani,July,25-35,7,153
2024,Surat-Thani,July,36-60,9,204
2024,Surat-Thani,July,60++,3,61
2024,Surat-Thani,August,1-14,0,77
2024,Surat-Thani,August,15-18,1,139
2024,Surat-Thani,August,19-24,3,125
2024,Surat-Thani,August,25-35,4,187
2024,Surat-Thani,August,36-60,8,222
2024,Surat-Thani,August,60++,4,70
2024,Surat-Thani,September,1-14,3,77
2024,Surat-Thani,September,15-18,0,139
2024,Surat-Thani,September,19-24,3,118
2024,Surat-Thani,September,25-35,2,153
2024,Surat-Thani,September,36-60,7,193
2024,Surat-Thani,September,60++,3,64
2024,Surat-Thani,October,1-14,0,70
2024,Surat-Thani,October,15-18,0,93
2024,Surat-Thani,October,19-24,1,112
2024,Surat-Thani,October,25-35,3,162
2024,Surat-Thani,October,36-60,5,176
2024,Surat-Thani,October,60++,3,64
2024,Surat-Thani,November,1-14,0,70
2024,Surat-Thani,November,15-18,1,100
2024,Surat-Thani,November,19-24,1,88
2024,Surat-Thani,November,25-35,7,130
2024,Surat-Thani,November,36-60,10,192
2024,Surat-Thani,November,60++,3,37
2024,Surat-Thani,December,1-14,0,53
2024,Surat-Thani,December,15-18,1,66
2024,Surat-Thani,December,19-24,7,111
2024,Surat-Thani,December,25-35,3,136
2024,Surat-Thani,December,36-60,12,172
2024,Surat-Thani,December,60++,3,57
2024,Chiang-Mai,January,1-14,2,124
2024,Chiang-Mai,January,15-18,1,243
2024,Chiang-Mai,January,19-24,10,522
2024,Chiang-Mai,January,25-35,9,618
2024,Chiang-Mai,January,36-60,13,676
2024,Chiang-Mai,January,60++,9,211
2024,Chiang-Mai,February,1-14,0,129
2024,Chiang-Mai,February,15-18,3,214
2024,Chiang-Mai,February,19-24,3,511
2024,Chiang-Mai,February,25-35,15,508
2024,Chiang-Mai,February,36-60,12,622
2024,Chiang-Mai,February,60++,6,213
2024,Chiang-Mai,March,1-14,1,139
2024,Chiang-Mai,March,15-18,3,192
2024,Chiang-Mai,March,19-24,5,516
2024,Chiang-Mai,March,25-35,14,632
2024,Chiang-Mai,March,36-60,12,739
2024,Chiang-Mai,March,60++,10,218
2024,Chiang-Mai,April,1-14,3,175
2024,Chiang-Mai,April,15-18,1,219
2024,Chiang-Mai,April,19-24,9,393
2024,Chiang-Mai,April,25-35,12,538
2024,Chiang-Mai,April,36-60,19,671
2024,Chiang-Mai,April,60++,4,226
2024,Chiang-Mai,May,1-14,0,92
2024,Chiang-Mai,May,15-18,4,161
2024,Chiang-Mai,May,19-24,4,363
2024,Chiang-Mai,May,25-35,8,501
2024,Chiang-Mai,May,36-60,19,611
2024,Chiang-Mai,May,60++,3,215
2024,Chiang-Mai,June,1-14,0,125
2024,Chiang-Mai,June,15-18,1,224
2024,Chiang-Mai,June,19-24,4,428
2024,Chiang-Mai,June,25-35,11,460
2024,Chiang-Mai,June,36-60,10,536
2024,Chiang-Mai,June,60++,4,176
2024,Chiang-Mai,July,1-14,1,119
2024,Chiang-Mai,July,15-18,7,243
2024,Chiang-Mai,July,19-24,8,448
2024,Chiang-Mai,July,25-35,6,459
2024,Chiang-Mai,July,36-60,7,550
2024,Chiang-Mai,July,60++,5,186
2024,Chiang-Mai,August,1-14,0,107
2024,Chiang-Mai,August,15-18,3,183
2024,Chiang-Mai,August,19-24,7,412
2024,Chiang-Mai,August,25-35,4,436
2024,Chiang-Mai,August,36-60,5,489
2024,Chiang-Mai,August,60++,6,181
2024,Chiang-Mai,September,1-14,0,135
2024,Chiang-Mai,September,15-18,0,209
2024,Chiang-Mai,September,19-24,7,447
2024,Chiang-Mai,September,25-35,6,456
2024,Chiang-Mai,September,36-60,12,520
2024,Chiang-Mai,September,60++,4,174
2024,Chiang-Mai,October,1-14,1,169
2024,Chiang-Mai,October,15-18,0,209
2024,Chiang-Mai,October,19-24,3,459
2024,Chiang-Mai,October,25-35,4,517
2024,Chiang-Mai,October,36-60,12,665
2024,Chiang-Mai,October,60++,4,228
2024,Chiang-Mai,November,1-14,1,154
2024,Chiang-Mai,November,15-18,3,244
2024,Chiang-Mai,November,19-24,9,469
2024,Chiang-Mai,November,25-35,16,518
2024,Chiang-Mai,November,36-60,16,651
2024,Chiang-Mai,November,60++,11,235
2024,Chiang-Mai,December,1-14,3,163
2024,Chiang-Mai,December,15-18,3,221
2024,Chiang-Mai,December,19-24,6,527
2024,Chiang-Mai,December,25-35,12,593
2024,Chiang-Mai,December,36-60,12,712
2024,Chiang-Mai,December,60++,9,229
